{"cameraMode":{"drawMode":0,"name":"Shaded","section":"Shading Mode"},"sceneLighting":true,"audioPlay":false,"sceneViewState":{"showFog":true,"showMaterialUpdate":false,"showSkybox":true,"showFlares":true,"showImageEffects":true,"showParticleSystems":true},"in2DMode":false,"pivot":{"x":16.557064056396486,"y":1.308245062828064,"z":9.411764144897461},"rotation":{"x":-0.04085079953074455,"y":-0.8330218195915222,"z":0.06176294758915901,"w":-0.5485119819641113},"size":4.041658401489258,"orthographic":false}