{"cameraMode":{"drawMode":0,"name":"Shaded","section":"Shading Mode"},"sceneLighting":false,"audioPlay":false,"sceneViewState":{"showFog":true,"showMaterialUpdate":false,"showSkybox":false,"showFlares":true,"showImageEffects":true,"showParticleSystems":true},"in2DMode":false,"pivot":{"x":16.399999618530275,"y":1.5,"z":9.6899995803833},"rotation":{"x":-0.013003743253648281,"y":0.41465651988983157,"z":-0.005488925147801638,"w":-0.9100897908210754},"size":4.041658401489258,"orthographic":false}