{"cameraMode":{"drawMode":0,"name":"Shaded","section":"Shading Mode"},"sceneLighting":true,"audioPlay":false,"sceneViewState":{"showFog":true,"showMaterialUpdate":false,"showSkybox":true,"showFlares":true,"showImageEffects":true,"showParticleSystems":true},"in2DMode":false,"pivot":{"x":-0.01797163486480713,"y":0.7982580661773682,"z":0.03503531217575073},"rotation":{"x":0.023890996351838113,"y":-0.8762533664703369,"z":0.04402924329042435,"w":0.4794999361038208},"size":3.930788993835449,"orthographic":false}