{"cameraMode":{"drawMode":0,"name":"Shaded","section":"Shading Mode"},"sceneLighting":false,"audioPlay":false,"sceneViewState":{"showFog":true,"showMaterialUpdate":false,"showSkybox":false,"showFlares":true,"showImageEffects":true,"showParticleSystems":true},"in2DMode":false,"pivot":{"x":55.19382095336914,"y":-0.7182851433753967,"z":0.6411476135253906},"rotation":{"x":-0.0762462168931961,"y":-0.6879123449325562,"z":0.07280605286359787,"w":-0.7182536125183106},"size":27.12993812561035,"orthographic":false}