{"cameraMode":{"drawMode":0,"name":"Shaded","section":"Shading Mode"},"sceneLighting":true,"audioPlay":false,"sceneViewState":{"showFog":true,"showMaterialUpdate":false,"showSkybox":true,"showFlares":true,"showImageEffects":true,"showParticleSystems":true},"in2DMode":false,"pivot":{"x":41.767723083496097,"y":4.993806838989258,"z":40.98508071899414},"rotation":{"x":-0.3955213129520416,"y":0.43963706493377688,"z":0.2246578484773636,"w":0.7745668292045593},"size":4.041658401489258,"orthographic":false}