{"cameraMode":{"drawMode":0,"name":"Shaded","section":"Shading Mode"},"sceneLighting":true,"audioPlay":false,"sceneViewState":{"showFog":true,"showMaterialUpdate":false,"showSkybox":true,"showFlares":true,"showImageEffects":true,"showParticleSystems":true},"in2DMode":false,"pivot":{"x":533.60498046875,"y":285.4712219238281,"z":84.8486328125},"rotation":{"x":-0.2874900698661804,"y":0.02035815641283989,"z":-0.006383155006915331,"w":-0.9578002095222473},"size":786.3920288085938,"orthographic":false}