{"cameraMode":{"drawMode":0,"name":"Shaded","section":"Shading Mode"},"sceneLighting":true,"audioPlay":false,"sceneViewState":{"showFog":true,"showMaterialUpdate":false,"showSkybox":true,"showFlares":true,"showImageEffects":true,"showParticleSystems":true},"in2DMode":false,"pivot":{"x":507.1740417480469,"y":205.1500244140625,"z":-529.40966796875},"rotation":{"x":0.15922391414642335,"y":-0.0017567618051543832,"z":-0.00043824376189149916,"w":-0.987328827381134},"size":3.9932973384857179,"orthographic":false}